row,isbn,archetype
0,9791191472042,0
1,9791191472042,2
2,9791191472042,0
3,9791191472042,2
4,9791191472042,0
5,9791191472042,3
6,9791191472042,1
7,9791191472042,0
8,9791191472042,2
9,9791191472042,4
10,9791191472042,1
11,9791191472042,3
12,9791191472042,2
13,9791191472042,0
14,9791191472042,2
15,9791191472042,1
16,9791191472042,2
17,9791191472042,2
18,9791191472042,4
19,9791191472042,0
20,9791191472042,2
21,9791191472042,1
22,9791191472042,0
23,9791191472042,3
24,9791191472042,1
25,9791191472042,4
26,9791191472042,3
27,9791191472042,2
28,9791191472042,1
29,9791191472042,4
30,9791191472042,2
31,9791191472042,2
32,9791191472042,0
33,9791191472042,4
34,9791191472042,4
35,9791191472042,0
36,9791191472042,3
37,9791191472042,3
38,9791191472042,1
39,9791191472042,4
40,9791191472042,3
41,9791191472042,3
42,9791191472042,3
43,9791191472042,3
44,9791191472042,2
45,9791191472042,4
46,9791191472042,4
47,9791191472042,0
48,9791191472042,1
49,9791191472042,4
50,9791191472042,1
51,9791191472042,1
52,9791191472042,3
53,9788997454440,4
54,9791137258662,4
55,9791137258662,0
56,9791137258662,1
57,9791189128197,4
58,9788964260586,0
59,9788964260586,4
60,9791198689016,3
61,9788988138793,0
62,9788988138793,0
63,9788988138793,2
64,9788967915469,3
65,9788967915179,4
66,9788967915735,4
67,9791189784287,1
68,9791197115974,3
69,9791196008130,3
70,9791192333014,4
71,9791187433088,3
72,9788998079840,1
73,9788998079840,4
74,9791197561221,0
75,9791197561221,4
76,9791197561221,1
77,9791197561221,0
78,9791197561221,0
79,9791197561221,0
80,9791197561221,3
81,9791197561221,4
82,9791197561221,1
83,9791197561221,4
84,9791197561221,3
85,9791197561221,0
86,9791197561221,2
87,9791197561221,3
88,9791197561221,2
89,9788997454440,3
90,9791141602635,4
91,9791195332472,3
92,9791195332472,2
93,9791195332472,1
94,9791195332472,0
95,9791195332472,3
96,9791195332472,3
97,9791195332472,4
98,9791195332472,2
99,9791195332472,1
100,9791195332472,2
101,9791195332472,4
102,9791195332472,3
103,9791195332472,1
104,9791195332472,3
105,9791195332472,3
106,9791195332472,4
107,9791195332472,1
108,9791195332472,1
109,9791195332472,3
110,9791195332472,2
111,9791195332472,3
112,9791195332472,0
113,9791195332472,0
114,9791195332472,4
115,9791195332472,3
116,9791195332472,4
117,9791195332472,3
118,9791195332472,3
119,9791195332472,1
120,9791195332472,0
121,9791195332472,3
122,9791195332472,4
123,9791195332472,4
124,9788997454440,0
125,9788997454440,1
126,9791189128197,4
127,9788997454440,0
128,9788997454440,1
129,9788997454440,1
130,9791198689030,2
131,9791167374462,4
132,9791196008161,0
133,9791192333014,1
134,9791192333014,3
135,9791192333014,4
136,9791192333014,3
137,9788960906938,1
138,9788960906938,3
139,9788960906938,0
140,9791189128197,2
141,9788960906938,4
142,9788960906938,1
143,9788960906938,3
144,9788960906938,2
145,9788960906938,1
146,9788960906938,4
147,9788960906938,3
148,9788960906938,3
149,9788960906938,2
150,9788960906938,3
151,9788960906938,0
152,9788960906938,4
153,9788960907348,1
154,9788960907348,3
155,9788960907348,4
156,9788960907348,1
157,9788954440189,1
158,9788960907348,1
159,9788960909571,3
160,9788960909571,2
161,9788960909571,3
162,9788960909571,2
163,9788960909571,4
164,9788960909571,4
165,9788960909571,2
166,9791127210441,3
167,9791127210441,0
168,9791127210441,4
169,9791127210441,0
170,9791127210441,2
171,9791127210441,4
172,9791127210441,1
173,9791127210441,4
174,9791127210441,2
175,9791127210441,0
176,9791127210441,4
177,9791127210441,0
178,9791127210441,4
179,9791127210441,4
180,9791127210441,1
181,9791127210441,0
182,9791127210441,4
183,9791127210441,4
184,9791127210441,3
185,9791127210441,3
186,9791127210441,3
187,9788988138793,1
188,9791187433088,0
189,9788964260586,2
190,9788988138793,0
191,9788964260388,1
192,9788964260388,3
193,9788964260586,3
194,9788967916237,2
195,9788967915209,2
196,9788964260586,3
197,9788964260586,2
198,9788988138793,0
199,9788964260586,0
200,9788993632415,3
201,9788993632583,3
202,9788988138793,4
203,9788988138793,4
204,9788964260388,3
205,9788988138793,4
206,9788993632583,3
207,9788988138793,1
208,9788988138793,3
209,9788964260388,2
210,9788964260388,3
211,9788993632415,2
212,9791186325865,4
213,9791186325865,4
214,9791186325865,3
215,9791186325865,3
216,9791186325865,1
217,9791186325865,3
218,9791186325865,3
219,9791186325865,4
220,9791186325865,4
221,9791186325865,3
222,9791186325865,0
223,9791186325865,3
224,9791186325865,1
225,9791186325865,4
226,9791186325865,3
227,9791186325865,1
228,9791186325865,4
229,9791186325865,4
230,9791186325865,2
231,9791186325865,3
232,9791186325865,3
233,9791186325865,1
234,9791186325865,3
235,9791186325865,4
236,9791186325865,3
237,9791186325865,0
238,9791186325865,0
239,9791186325865,0
240,9791186325865,1
241,9791186325865,0
242,9791186325865,1
243,9791186325865,1
244,9791186325865,3
245,9791186325865,0
246,9791186325865,0
247,9791186325865,1
248,9791186325865,3
249,9791186325865,1
250,9791186325865,3
251,9791186325865,2
252,9791167374462,1
253,9788967915476,4
254,9788967916213,4
255,9788967915186,0
256,9788997454440,4
257,9788998079840,4
258,9788998143824,1
259,9788997454440,4
260,9788997454440,0
261,9788960907218,1
262,9788960907218,3
263,9788960907218,3
264,9788960907218,1
265,9791196008130,3
266,9788960907218,3
267,9791196008130,2
268,9788997454440,3
269,9788960908963,1
270,9788960908963,1
271,9788960908963,3
272,9788960908963,4
273,9788960908963,4
274,9788960908963,4
275,9788960908963,2
276,9788960908963,2
277,9788960908963,2
278,9788998079840,4
279,9791198689030,1
280,9791187433088,1
281,9791167374462,2
282,9791186661116,4
283,9791186661116,3
284,9791186661116,4
285,9791186661116,4
286,9791186661116,1
287,9791186661116,4
288,9791186661116,4
289,9791186661116,0
290,9791186661116,2
291,9791186661116,4
292,9791186661116,3
293,9791186661116,0
294,9791186661116,3
295,9791186661116,2
296,9791186661116,1
297,9791186661116,1
298,9791186661116,3
299,9791186661116,1
300,9791186661116,1
301,9791186661116,3
302,9791186661116,0
303,9791186661116,3
304,9791186661116,1
305,9791186661116,0
306,9791186661116,2
307,9791186661116,2
308,9791186661116,1
309,9791186661116,3
310,9791186661116,3
311,9791186661116,4
312,9791186661116,2
313,9788997454440,0
314,9788997454440,4
315,9788964260388,4
316,9791198689030,4
317,9788993632583,0
318,9788993632415,0
319,9788993632415,4
320,9788993632415,2
321,9788993632583,3
322,9791187433088,4
323,9791167374462,0
324,9791196008161,1
325,9791137258662,1
326,9791137258662,1
327,9788960906150,4
328,9788960906150,4
329,9788960906150,1
330,9788960906150,4
331,9788960906150,0
332,9788960906150,0
333,9788960906150,1
334,9788960906150,2
335,9788960906150,1
336,9788960906150,1
337,9788960906150,1
338,9788960906150,4
339,9788960906150,4
340,9788960906150,4
341,9788960906150,1
342,9788993632415,0
343,9788993632415,2
344,9788993632415,3
345,9791141059316,1
346,9791141059316,3
347,9791141059316,0
348,9791141059316,2
349,9791141059316,0
350,9791141059316,2
351,9791141059316,1
352,9791141059316,4
353,9791141059316,3
354,9791141059316,3
355,9791141059316,0
356,9791141059316,2
357,9791141059316,2
358,9791141059316,1
359,9791141059316,4
360,9791141059316,3
361,9791141059316,3
362,9791141059316,4
363,9791141059316,2
364,9791141059316,1
365,9791141059316,0
366,9791141059316,1
367,9791141059316,0
368,9791141059316,2
369,9791141059316,3
370,9791141059316,1
371,9791141059316,3
372,9791141059316,1
373,9791141059316,4
374,9791141059316,1
375,9788960901841,4
376,9791167374462,2
377,9788960901841,1
378,9788960901841,3
379,9788960901841,0
380,9788960901841,4
381,9788960901841,2
382,9788960901841,4
383,9788960901841,2
384,9788960901841,0
385,9788993632583,2
386,9788993632583,3
387,9788989228769,2
388,9788989228769,4
389,9788989228769,3
390,9788989228769,1
391,9788989228769,2
392,9788989228769,1
393,9788989228769,1
394,9788989228769,1
395,9788989228769,3
396,9788989228769,0
397,9788989228769,0
398,9788989228769,1
399,9788989228769,4
400,9788989228769,0
401,9788989228769,3
402,9788989228769,2
403,9788989228769,3
404,9788989228769,0
405,9788989228769,3
406,9788989228769,0
407,9788989228769,1
408,9788989228769,0
409,9788989228769,0
410,9788989228769,1
411,9788989228769,0
412,9788989228769,4
413,9788989228769,4
414,9788989228769,4
415,9788989228769,1
416,9788989228769,1
417,9791196008130,1
418,9788960908277,2
419,9788960908277,3
420,9788960908277,3
421,9788960908277,2
422,9788960908277,1
423,9788960908277,0
424,9788960908277,4
425,9788960908277,1
426,9788960908277,4
427,9788960908277,4
428,9788998079840,3
429,9791197873065,0
430,9791197873065,0
431,9791189128197,3
432,9791197873065,3
433,9791197873065,0
434,9791197873065,1
435,9791197873065,4
436,9791197873065,3
437,9791197873065,0
438,9791197873065,4
439,9791197873065,0
440,9791197873065,0
441,9791197873065,1
442,9791197873065,1
443,9791197873065,3
444,9791197873065,4
445,9791197873065,2
446,9791197873065,2
447,9791197873065,2
448,9791197873065,0
449,9788988138793,1
450,9788964260388,4
451,9788988138793,0
452,9788964260388,4
453,9791187433088,1
454,9788993632583,4
455,9788993632583,1
456,9791197103803,1
457,9791197103803,2
458,9791197103803,3
459,9791189885816,4
460,9791197103803,4
461,9791189885816,1
462,9791189885816,4
463,9791197103803,0
464,9791189885816,3
465,9791189885816,4
466,9791197103803,4
467,9791197103803,2
468,9791197103803,1
469,9791197103803,1
470,9791197103803,2
471,9791197103803,3
472,9791189885816,4
473,9791197103803,3
474,9791189885816,3
475,9791197103803,4
476,9791189885816,3
477,9791197103803,4
478,9791189885816,2
479,9791197103803,1
480,9791197103803,1
481,9791189885816,1
482,9791197103803,0
483,9791197103803,3
484,9791189885816,2
485,9791197103803,2
486,9791197103803,4
487,9791197103803,4
488,9791189885816,0
489,9791189885816,4
490,9791189885816,2
491,9791197103803,3
492,9791189885816,4
493,9791189885816,1
494,9791197103803,2
495,9791197103803,1
496,9791197103803,3
497,9791197103803,1
498,9791197103803,1
499,9791189885816,2
500,9791197103803,2
501,9791197103803,1
502,9791189885816,1
503,9791167374462,1
504,9791189784287,1
505,9791189128074,3
506,9791198689016,0
507,9788997454440,4
508,9788970755878,2
509,9788970755878,1
510,9788970755878,3
511,9788970755878,4
512,9788970755878,4
513,9788970755878,0
514,9788970755878,2
515,9788970755878,4
516,9788970755878,0
517,9788970755878,0
518,9788970755878,4
519,9788970755878,0
520,9788970755878,2
521,9788970755878,0
522,9788970755878,3
523,9788970755878,2
524,9788970755878,3
525,9788970755878,2
526,9788970755878,0
527,9788970755878,2
528,9788970755878,4
529,9788970755878,1
530,9788970755878,2
531,9788970755878,3
532,9788970755878,0
533,9788970755878,2
534,9788970755878,2
535,9788970755878,0
536,9788970755878,1
537,9788970755878,2
538,9788970755878,0
539,9788970755878,1
540,9788970755878,2
541,9788970755878,0
542,9788970755878,3
543,9788970755878,0
544,9788970755878,0
545,9788970755878,2
546,9788970755878,1
547,9788970755878,0
548,9788970755878,4
549,9788970755878,0
550,9788970755878,1
551,9788970755878,0
552,9788970755878,3
553,9788970755878,2
554,9788970755878,2
555,9788970755878,2
556,9788970755878,1
557,9788970755878,4
558,9788970755878,3
559,9788970755878,0
560,9788970755878,1
561,9788970755878,3
562,9788970755878,4
563,9791192333014,2
564,9791192333014,3
565,9791192333014,2
566,9791141602499,3
567,9791141602499,3
568,9791141602499,1
569,9791141602499,1
570,9791141602499,4
571,9791141602499,3
572,9791141602499,1
573,9791141602499,0
574,9791141602499,4
575,9791141602499,1
576,9791141602499,3
577,9791141602499,0
578,9791141602499,2
579,9791141602499,1
580,9791141602499,3
581,9791141602499,3
582,9791141602499,4
583,9791141602499,2
584,9791196008130,4
585,9791187433088,1
586,9788998079840,0
587,9788964260586,4
588,9791196008130,4
589,9791197115974,0
590,9788998079840,3
591,9788969890337,1
592,9788969890337,0
593,9788969890337,4
594,9788969890337,1
595,9788969890337,2
596,9788993632415,1
597,9788969890337,1
598,9788969890337,0
599,9788969890337,3
600,9788969890337,3
601,9788969890337,3
602,9788969890337,4
603,9788969890337,4
604,9788969890337,1
605,9788969890337,1
606,9788969890337,3
607,9788969890337,4
608,9788969890337,3
609,9788969890337,2
610,9788969890337,2
611,9788969890337,2
612,9788993632415,0
613,9788969890337,0
614,9788969890337,1
615,9788969890337,2
616,9788969890337,1
617,9788969890337,2
618,9788969890337,3
619,9788969890337,3
620,9788969890337,4
621,9788969890337,0
622,9788969890337,4
623,9788969890337,3
624,9788969890337,4
625,9788964260586,3
626,9788964260586,4
627,9788964260586,2
628,9788969890337,1
629,9788993632415,4
630,9788993632583,2
631,9791187433088,2
632,9788993632583,2
633,9788993632415,2
634,9788967915162,0
635,9788967916220,4
636,9788967915704,1
637,9791187433088,1
638,9788993632583,1
639,9788993632583,1
640,9788964261125,4
641,9788964261125,0
642,9788964261125,4
643,9788964261125,4
644,9788964261125,1
645,9788964261125,2
646,9788964261125,2
647,9788964261125,1
648,9788993632415,4
649,9788964261125,1
650,9788964261125,1
651,9788964261125,2
652,9788964261125,3
653,9788964261125,2
654,9788964261125,2
655,9788964261125,4
656,9788964261125,1
657,9788964261125,1
658,9788964261125,4
659,9788964261125,0
660,9788964261125,2
661,9788964261125,0
662,9788964261125,3
663,9788964261125,1
664,9788964261125,4
665,9788964261125,1
666,9788964261125,1
667,9788964261125,4
668,9788964261125,3
669,9788964261125,0
670,9788964261125,2
671,9788964261125,4
672,9788964261125,1
673,9788964261125,2
674,9788964261125,3
675,9788964261125,2
676,9788964261125,2
677,9788964261125,1
678,9788964261125,4
679,9788964261125,3
680,9788964261125,4
681,9788964261125,3
682,9788964261125,3
683,9788964261125,4
684,9788993632415,0
685,9791187433088,0
686,9788993632750,3
687,9788993632750,0
688,9788993632750,4
689,9788988138793,4
690,9788993632750,4
691,9788993632750,1
692,9788993632750,3
693,9788993632750,4
694,9788993632750,4
695,9788993632750,4
696,9788993632750,1
697,9788993632750,4
698,9788993632750,3
699,9788993632750,1
700,9788993632750,1
701,9788964260388,4
702,9788988138793,1
703,9788988138793,1
704,9788993632750,4
705,9788993632750,1
706,9788993632750,0
707,9788993632750,1
708,9788993632750,2
709,9788993632750,1
710,9788993632750,4
711,9788993632750,1
712,9788964260388,1
713,9788993632750,0
714,9788993632750,0
715,9788993632583,4
716,9788993632750,3
717,9788993632415,4
718,9788993632750,4
719,9788993632750,1
720,9788993632750,0
721,9788993632750,2
722,9788993632750,1
723,9788993632750,1
724,9788993632750,4
725,9788993632750,2
726,9788993632750,0
727,9791165121013,4
728,9791165121013,0
729,9791165121013,0
730,9791165121013,0
731,9791165121013,1
732,9791165121013,3
733,9791165121013,4
734,9791165121013,3
735,9791165121013,2
736,9791165121013,3
737,9791165121013,3
738,9791165121013,1
739,9791165121013,1
740,9791165121013,2
741,9791165121013,2
742,9791165121013,2
743,9791165121013,0
744,9791165121013,1
745,9791165121013,3
746,9791165121013,1
747,9791165121013,4
748,9791165121013,1
749,9791165121013,0
750,9791165121013,1
751,9788960908826,1
752,9791189128197,3
753,9788960908826,1
754,9788960908826,0
755,9788960908826,4
756,9788960908826,3
757,9788960908826,3
758,9788960908826,4
759,9788960908826,3
760,9788960908826,4
761,9788960908826,4
762,9788960908826,0
763,9788960908826,3
764,9791196008130,1
765,9788964260388,0
766,9791191262674,3
767,9791191262674,3
768,9791191262674,4
769,9791191262674,0
770,9791191262674,3
771,9791191262674,4
772,9791191262674,1
773,9791191262674,2
774,9791191262674,1
775,9791189128197,1
776,9788967916244,3
777,9788967915728,4
778,9788998079840,1
779,9791141042929,0
780,9791141042929,1
781,9791141042929,2
782,9791141042929,2
783,9791141042929,1
784,9791141042929,0
785,9791141042929,3
786,9791141042929,3
787,9791141042929,3
788,9791141042929,0
789,9791141042929,0
790,9791141042929,4
791,9791141042929,1
792,9791141042929,1
793,9791141042929,0
794,9791141042929,4
795,9791141042929,3
796,9791141042929,1
797,9791141042929,0
798,9791141042929,4
799,9791141042929,4
800,9791141042929,1
801,9791141042929,4
802,9791141042929,0
803,9791141042929,0
804,9791141042929,4
805,9791141042929,2
806,9791141042929,2
807,9791141042929,3
808,9791141042929,4
809,9791141042929,2
810,9791141042929,0
811,9791141042929,2
812,9791141042929,4
813,9791141042929,1
814,9791141042929,4
815,9791141042929,2
816,9791141042929,0
817,9791141042929,3
818,9791141042929,3
819,9791141042929,1
820,9791141042929,4
821,9791141042929,3
822,9791141042929,4
823,9791141042929,3
824,9791141042929,1
825,9791141042929,2
826,9791141042929,4
827,9791141042929,4
828,9791141042929,3
829,9791141042929,4
830,9791141042929,3
831,9791141042929,1
832,9791141042929,1
833,9791141042929,2
834,9791141042929,2
835,9791141042929,4
836,9791141042929,0
837,9791141042929,3
838,9791141042929,2
839,9791141042929,2
840,9791141042929,4
841,9791141042929,4
842,9791141042929,3
843,9791141042929,3
844,9791141042929,2
845,9791141042929,0
846,9788960908833,1
847,9788960908833,0
848,9788960908833,4
849,9788960908833,4
850,9788960908833,0
851,9788960908833,3
852,9788960908833,1
853,9788960908833,4
854,9788960908833,1
855,9788960908833,4
856,9788960908833,3
857,9788960908833,0
858,9788990229243,1
859,9788990229243,3
860,9788990229243,1
861,9788990229243,2
862,9788990229243,2
863,9791196008130,3
864,9788964260586,3
865,9791196008130,2
866,9788964260586,1
867,9788964260586,4
868,9788960903753,3
869,9788960903753,0
870,9788960903753,4
871,9788960903753,0
872,9788960903753,4
873,9788960903753,2
874,9788960903753,2
875,9788960903753,3
876,9788960903753,0
877,9788960903753,2
878,9788960903753,0
879,9788960903753,1
880,9788960903753,0
881,9788960903753,1
882,9788960903753,1
883,9788960903753,2
884,9788960903753,0
885,9788960903753,4
886,9788960903753,0
887,9788960903753,3
888,9788960903753,4
889,9788960903753,2
890,9788960903753,3
891,9788960903753,3
892,9788960903753,3
893,9791189128197,3
894,9788993632583,3
895,9791187433088,0
896,9788993632583,0
897,9788993632415,0
898,9791198689030,1
899,9791167374462,1
900,9791186173992,1
901,9791186173992,2
902,9791186173992,0
903,9791186173992,3
904,9791186173992,0
905,9791186173992,0
906,9791186173992,2
907,9791198689030,1
908,9788964260586,0
909,9788964260388,1
910,9788993632583,0
911,9788993632583,0
912,9788964260388,2
913,9788964260586,2
914,9791196008161,3
915,9788998143824,1
916,9791198689030,1
917,9791137258662,3
918,9791137258662,4
919,9791137258662,2
920,9788960902572,4
921,9788960902572,4
922,9788960907706,4
923,9788960907706,1
924,9788960902572,4
925,9788960902572,1
926,9788960907706,4
927,9788960907706,4
928,9788960902572,1
929,9788960902572,1
930,9788960902572,1
931,9791167374462,4
932,9788960907706,3
933,9788960907706,4
934,9788960907706,2
935,9788960907706,4
936,9788960907706,0
937,9788960902572,3
938,9788960902572,2
939,9788960902572,4
940,9788960907706,2
941,9788960902572,0
942,9788960902572,2
943,9788960902572,4
944,9788960907706,1
945,9788960902572,2
946,9788960902572,4
947,9788960907706,0
948,9788960907706,0
949,9788960907706,1
950,9788960907706,2
951,9788960902572,4
952,9788960907706,4
953,9788960902572,1
954,9788960907706,2
955,9788960902572,4
956,9788960907706,4
957,9788960902572,2
958,9788960902572,2
959,9788960907706,2
960,9788960907706,2
961,9788960907706,4
962,9788960902572,1
963,9788960907706,1
964,9788960907706,4
965,9788960907706,1
966,9788960902572,3
967,9788960907706,0
968,9788960907706,4
969,9788960907706,1
970,9788960902572,4
971,9788960902572,0
972,9788960907706,0
973,9788960907706,0
974,9788960902572,4
975,9788960907706,4
976,9788960907706,4
977,9788960902572,0
978,9788960907706,1
979,9788960907706,4
980,9788960907706,2
981,9788960907706,2
982,9788960902572,1
983,9788960902572,1
984,9788960907706,3
985,9788960902572,2
986,9788960907706,4
987,9788960902572,1
988,9788960907706,1
989,9788960902572,3
990,9788960907706,2
991,9788960907706,3
992,9788960907706,1
993,9788960902572,3
994,9788960902572,1
995,9788960902572,4
996,9788960907706,0
997,9788960907706,1
998,9788960907706,4
999,9788960907706,4
1000,9788960902572,3
1001,9788960902572,1
1002,9788960902572,3
1003,9788960902572,1
1004,9788960907706,3
1005,9788960902572,2
1006,9788960902572,4
1007,9788960907706,3
1008,9788960907706,0
1009,9788960907706,1
1010,9788967915773,1
1011,9788967915711,3
1012,9791196008161,3
1013,9791167374462,1
1014,9788932923024,1
1015,9788932923024,0
1016,9788932923024,0
1017,9788932923024,4
1018,9788932923024,4
1019,9788932923024,4
1020,9788932923024,4
1021,9788932923024,3
1022,9788932923024,1
1023,9788932923024,4
1024,9788932923024,2
1025,9788932923024,2
1026,9788932923024,3
1027,9788932923024,1
1028,9788932923024,4
1029,9788932923024,2
1030,9788964260388,4
1031,9788964260319,4
1032,9788988138793,2
1033,9788964260319,2
1034,9788964260319,3
1035,9788964260319,0
1036,9788964260319,4
1037,9788964260319,3
1038,9788964260319,0
1039,9788964260319,2
1040,9788964260319,3
1041,9788964260319,4
1042,9788964260319,4
1043,9788964260319,0
1044,9788964260319,2
1045,9788964260319,2
1046,9788964260319,2
1047,9788964260319,2
1048,9788964260319,1
1049,9788964260319,0
1050,9788964260319,3
1051,9788964260319,3
1052,9788964260319,4
1053,9788964260319,2
1054,9788964260319,2
1055,9788964260388,1
1056,9788964260319,0
1057,9788964260319,1
1058,9788964260319,1
1059,9788964260388,0
1060,9788964260319,0
1061,9788964260319,4
1062,9788964260319,1
1063,9788964260319,0
1064,9788964260319,3
1065,9788964260319,1
1066,9788964260388,0
1067,9788964260319,4
1068,9788964260319,1
1069,9788964260319,1
1070,9788964260319,3
1071,9788964260319,3
1072,9788964260319,3
1073,9788964260319,4
1074,9788964260319,1
1075,9788964260319,3
1076,9788964260319,3
1077,9788964260319,0
1078,9788988138793,4
1079,9788964260319,3
1080,9788964260319,3
1081,9788964260319,3
1082,9788964260319,1
1083,9788964260319,4
1084,9788964260319,4
1085,9788964260319,2
1086,9788964260319,4
1087,9788964260319,1
1088,9788988138793,2
1089,9788988138793,4
1090,9788964260586,2
1091,9788988138793,4
1092,9788964260388,2
1093,9788964260586,1
1094,9788988138793,4
1095,9788993632583,1
1096,9791187433088,1
1097,9788964260586,1
1098,9788993632415,3
1099,9788993632415,2
1100,9788993632415,0
1101,9791189784096,1
1102,9791189784096,4
1103,9791189784096,1
1104,9791189784096,3
1105,9791189784096,4
1106,9791189784096,3
1107,9791189784096,2
1108,9791189784096,1
1109,9791189784096,4
1110,9791189784096,4
1111,9791189784096,0
1112,9791189784096,0
1113,9791189784096,1
1114,9791189784096,0
1115,9791189784096,4
1116,9791189784096,0
1117,9791189784096,0
1118,9791189784096,1
1119,9791189784096,1
1120,9791189784096,4
1121,9791189784096,4
1122,9791189784096,3
1123,9791189784096,2
1124,9791189784096,0
1125,9791189784096,1
1126,9791189784096,1
1127,9791189784096,0
1128,9791198689016,3
1129,9791196008161,4
1130,9791197983115,2
1131,9791197983115,4
1132,9791197983115,3
1133,9791197983115,4
1134,9791197983115,1
1135,9791197983115,2
1136,9791197983115,4
1137,9791197983115,4
1138,9791197983115,1
1139,9791197983115,0
1140,9791197983115,4
1141,9791197983115,4
1142,9791197983115,1
1143,9791197983115,3
1144,9791197983115,2
1145,9791197983115,4
1146,9791197983115,4
1147,9791197983115,4
1148,9791197983115,1
1149,9791197983115,3
1150,9791197983115,3
1151,9791197983115,1
1152,9791197983115,4
1153,9791197983115,1
1154,9791197983115,1
1155,9791197983115,3
1156,9791197983115,3
1157,9791197983115,3
1158,9791197983115,1
1159,9791197983115,0
1160,9791196008161,4
1161,9791197115974,2
1162,9791137258662,1
1163,9791137258662,3
1164,9791137258662,0
1165,9788990229243,2
1166,9788998079840,4
1167,9791130810898,1
1168,9791130810898,0
1169,9791130810898,4
1170,9791130810898,0
1171,9791130810898,3
1172,9788988138793,4
1173,9788988138793,0
1174,9791130810898,4
1175,9791130810898,2
1176,9791130810898,4
1177,9788964260586,1
1178,9791130810898,1
1179,9791130810898,3
1180,9791130810898,3
1181,9791130810898,3
1182,9791130810898,2
1183,9791130810898,1
1184,9791130810898,4
1185,9791130810898,4
1186,9791130810898,3
1187,9791130810898,0
1188,9791130810898,2
1189,9791130810898,1
1190,9791130810898,1
1191,9791130810898,1
1192,9791130810898,0
1193,9791130810898,3
1194,9791130810898,1
1195,9791130810898,2
1196,9791130810898,1
1197,9791130810898,4
1198,9791130810898,0
1199,9791130810898,0
1200,9791130810898,3
1201,9791130810898,1
1202,9791130810898,0
1203,9791130810898,0
1204,9788964260388,0
1205,9788993632415,3
1206,9791130810898,2
1207,9791130810898,0
1208,9791130810898,3
1209,9791130810898,1
1210,9791130810898,4
1211,9791130810898,3
1212,9791130810898,4
1213,9791130810898,2
1214,9791130810898,2
1215,9791130810898,0
1216,9791130810898,3
1217,9791130810898,3
1218,9791130810898,3
1219,9791130810898,3
1220,9791130810898,0
1221,9791130810898,2
1222,9791130810898,2
1223,9791130810898,4
1224,9791130810898,1
1225,9791130810898,3
1226,9788990229243,1
1227,9788990229243,0
1228,9788990229243,3
1229,9788990229243,4
1230,9788990229243,2
1231,9788990229243,3
1232,9788990229243,3
1233,9788990229243,3
1234,9788990229243,2
1235,9788990229243,4
1236,9788990229243,4
1237,9788990229243,1
1238,9788990229243,3
1239,9788990229243,3
1240,9791189784287,3
1241,9791189128074,1
1242,9788997454440,4
1243,9791169250726,0
1244,9791169250726,1
1245,9791169250726,0
1246,9791169250726,4
1247,9791169250726,2
1248,9791169250726,3
1249,9791169250726,4
1250,9791169250726,4
1251,9791169250726,1
1252,9791169250726,2
1253,9791169250726,0
1254,9791169250726,0
1255,9791169250726,2
1256,9791169250726,3
1257,9791169250726,2
1258,9791169250726,4
1259,9791169250726,1
1260,9791169250726,1
1261,9791169250726,1
1262,9791169250726,2
1263,9791169250726,2
1264,9791169250726,2
1265,9791169250726,3
1266,9791169250726,2
1267,9791169250726,4
1268,9791169250726,1
1269,9791169250726,2
1270,9791169250726,3
1271,9791169250726,0
1272,9791169250726,0
1273,9791169250726,0
1274,9791169250726,3
1275,9791169250726,1
1276,9791169250726,2
1277,9791169250726,4
1278,9791169250726,1
1279,9791169250726,2
1280,9791169250726,0
1281,9791169250726,1
1282,9791169250726,0
1283,9791196008130,1
1284,9788997454440,4
1285,9788997454440,3
1286,9788997454440,2
1287,9788997454440,4
1288,9788997454440,1
1289,9788997454440,1
1290,9788998143893,4
1291,9788998143824,3
1292,9788998143893,3
1293,9788993632583,1
1294,9791187433088,2
1295,9788993632583,4
1296,9788997454440,1
1297,9788997454440,0
1298,9788997454440,3
1299,9788997454440,1
1300,9788988138793,2
1301,9788993632415,2
1302,9788964260388,4
1303,9788964260586,4
1304,9788964260388,3
1305,9788988138793,4
1306,9788988138793,2
1307,9788988138793,0
1308,9788988138793,1
1309,9788988138793,1
1310,9791187433088,0
1311,9788993632415,1
1312,9788993632583,0
1313,9788993632583,0
1314,9788964260388,2
1315,9788988138793,1
1316,9788988138793,3
1317,9788964260586,3
1318,9788988138793,3
1319,9788964260586,0
1320,9791189128074,3
1321,9788997454440,1
1322,9788997454440,4
1323,9791193474051,3
1324,9791193474051,1
1325,9791193474051,1
1326,9791193474051,4
1327,9791193474051,1
1328,9791193474051,4
1329,9791161571102,3
1330,9791161571102,2
1331,9791161571102,3
1332,9791161571102,4
1333,9791161571102,3
1334,9791161571102,3
1335,9791161571102,4
1336,9788993632415,3
1337,9791161571102,3
1338,9791161571102,4
1339,9791161571102,3
1340,9791161571102,2
1341,9791161571102,0
1342,9791161571102,4
1343,9791161571102,0
1344,9788993632415,4
1345,9791161571102,3
1346,9791161571102,4
1347,9791161571102,4
1348,9788964260586,4
1349,9791161571102,2
1350,9791161571102,4
1351,9791161571102,0
1352,9791161571102,2
1353,9791161571102,2
1354,9791161571102,1
1355,9791161571102,3
1356,9791161571102,1
1357,9791161571102,4
1358,9791161571102,3
1359,9791161571102,3
1360,9791189784287,2
1361,9791192333014,2
1362,9791192333014,2
1363,9791192333014,0
1364,9791192333014,4
1365,9791192333014,3
1366,9788998079840,1
1367,9788954629386,3
1368,9788954629386,1
1369,9788954629386,4
1370,9788954629386,1
1371,9788954629386,3
1372,9788954629386,2
1373,9788954629386,0
1374,9788954629386,0
1375,9788954629386,3
1376,9788954629386,3
1377,9788954629386,2
1378,9788954629386,4
1379,9788954629386,3
1380,9788954629386,0
1381,9788954629386,3
1382,9788954629386,1
1383,9788954629386,4
1384,9788954629386,2
1385,9788954629386,2
1386,9788954629386,0
1387,9788954629386,0
1388,9788954629386,0
1389,9788954629386,4
1390,9788954629386,0
1391,9788954629386,0
1392,9788954629386,1
1393,9788997454440,0
1394,9791197115974,4
1395,9791197115974,0
1396,9791197115974,0
1397,9791196008130,2
1398,9791167374462,4
1399,9788960905917,1
1400,9788960905917,3
1401,9788960905917,3
1402,9788960905917,3
1403,9788960905917,4
1404,9788960905917,1
1405,9788960905917,4
1406,9788960905917,2
1407,9788960905917,1
1408,9788960905917,1
1409,9788960905917,1
1410,9788960905917,0
1411,9788960905917,3
1412,9788960905917,2
1413,9788960905917,3
1414,9788960905917,0
1415,9788960905917,3
1416,9788960905917,3
1417,9788946473317,2
1418,9788946473317,4
1419,9788946473317,3
1420,9788946473317,4
1421,9788946473317,3
1422,9788946473317,2
1423,9788946473317,3
1424,9788946473317,0
1425,9788946473317,2
1426,9788946473317,1
1427,9788946473317,3
1428,9788946473317,3
1429,9788946473317,0
1430,9788946473317,0
1431,9788946473317,0
1432,9788946473317,4
1433,9788946473317,3
1434,9788946473317,3
1435,9788946473317,0
1436,9788946473317,3
1437,9788946473317,0
1438,9788946473317,3
1439,9788946473317,2
1440,9788946473317,0
1441,9788946473317,2
1442,9788946473317,4
1443,9788946473317,4
1444,9788946473317,3
1445,9788946473317,3
1446,9788946473317,1
1447,9788946473317,4
1448,9788946473317,3
1449,9788946473317,4
1450,9788946473317,0
1451,9788946473317,4
1452,9788946473317,0
1453,9788946473317,3
1454,9788946473317,3
1455,9788946473317,0
1456,9791197115974,1
1457,9791197115974,2
1458,9788964260388,4
1459,9788964260388,3
1460,9788964260586,4
1461,9788964260586,0
1462,9788964260388,4
1463,9788998143893,2
1464,9788960909182,3
1465,9788960909182,2
1466,9788960909182,0
1467,9788960909182,0
1468,9788960909182,4
1469,9788960909182,1
1470,9788960909182,3
1471,9791196008161,4
1472,9788960909182,4
1473,9788960909182,2
1474,9788997454440,4
1475,9788997454440,3
1476,9788997454440,3
1477,9791197114656,4
1478,9791197114656,4
1479,9791197114656,0
1480,9791197114656,2
1481,9791197114656,4
1482,9791197114656,3
1483,9791197114656,3
1484,9791197114656,4
1485,9791197114656,0
1486,9791197114656,3
1487,9791197114656,4
1488,9791197114656,2
1489,9791197114656,0
1490,9791197114656,1
1491,9791197114656,0
1492,9791197114656,1
1493,9791197114656,0
1494,9791197114656,4
1495,9791197114656,3
1496,9791197114656,4
1497,9791197114656,4
1498,9791197114656,3
1499,9791197114656,3
1500,9791197114656,1
1501,9791197114656,1
1502,9791197114656,4
1503,9791197114656,2
1504,9791197114656,4
1505,9788960905955,0
1506,9788960905955,0
1507,9788960905955,3
1508,9788960905955,0
1509,9788960905955,4
1510,9788960905955,1
1511,9788960905955,3
1512,9788960905955,3
1513,9788960905955,1
1514,9788960905955,4
1515,9788960905955,4
1516,9788960905955,3
1517,9788960905955,2
1518,9791196008130,3
1519,9788993632415,4
1520,9788988138793,2
1521,9788964260586,2
1522,9788964260388,4
1523,9788988138793,0
1524,9788988138793,1
1525,9788988138793,4
1526,9788964260388,3
1527,9791167374462,1
1528,9791196008130,3
1529,9788988138793,0
1530,9788993632415,1
1531,9788993632415,3
1532,9788993632583,1
1533,9788988138793,3
1534,9788988138793,4
1535,9788988138793,4
1536,9788988138793,1
1537,9788993632415,3
1538,9788964260388,2
1539,9788964260388,2
1540,9791187433088,0
1541,9788964260586,0
1542,9788964260586,3
1543,9788988138793,1
1544,9788988138793,1
1545,9788964260586,3
1546,9788988138793,3
1547,9788964260586,3
1548,9788988138793,2
1549,9788964260586,4
1550,9791160261264,4
1551,9791160261264,2
1552,9791160261264,4
1553,9791160261264,3
1554,9791160261264,3
1555,9791160261264,1
1556,9791160261264,4
1557,9791160261264,1
1558,9791160261264,4
1559,9791160261264,3
1560,9791160261264,1
1561,9791160261264,1
1562,9791160261264,3
1563,9791160261264,0
1564,9791160261264,4
1565,9791160261264,2
1566,9791160261264,0
1567,9791160261264,2
1568,9791160261264,4
1569,9791160261264,0
1570,9791160261264,2
1571,9791160261264,0
1572,9791160261264,3
1573,9791160261264,0
1574,9791160261264,1
1575,9791160261264,1
1576,9791160261264,1
1577,9791160261264,1
1578,9791160261264,0
1579,9791160261264,1
1580,9791160261264,3
1581,9791160261264,4
1582,9791160261264,2
1583,9791160261264,1
1584,9791160261264,0
1585,9791160261264,2
1586,9791160261264,4
1587,9791160261264,2
1588,9791160261264,4
1589,9791160261264,0
1590,9791160261264,0
1591,9791160261264,4
1592,9791160261264,1
1593,9791160261264,3
1594,9791160261264,3
1595,9791160261264,0
1596,9791197603655,2
1597,9791197603655,1
1598,9791197603655,4
1599,9791197603655,1
1600,9791197603655,2
1601,9791197603655,1
1602,9791197603655,4
1603,9791197603655,1
1604,9791197603655,2
1605,9791197603655,1
1606,9791197603655,1
1607,9791197603655,2
1608,9791197603655,0
1609,9791197603655,4
1610,9791197603655,1
1611,9791197603655,0
1612,9791197603655,4
1613,9791197603655,4
1614,9791197603655,3
1615,9791197603655,1
1616,9791197603655,4
1617,9791197603655,3
1618,9791197603655,1
1619,9791197603655,3
1620,9791197603655,4
1621,9791197603655,0
1622,9791197603655,3
1623,9791197603655,3
1624,9791197603655,1
1625,9791197603655,2
1626,9791197603655,3
1627,9791197603655,2
1628,9791197603655,4
1629,9791197603655,1
1630,9791197603655,4
1631,9791197603655,2
1632,9791197603655,3
1633,9791197603655,0
1634,9791197603655,0
1635,9791197603655,4
1636,9791197603655,0
1637,9791197603655,4
1638,9791197603655,4
1639,9791197603655,2
1640,9791191306125,4
1641,9791191306125,3
1642,9791191306125,3
1643,9791191306125,4
1644,9791191306125,1
1645,9791191306125,0
1646,9791191306125,3
1647,9791191306125,1
1648,9791191306125,1
1649,9791191306125,4
1650,9791191306125,4
1651,9791191306125,4
1652,9791191306125,4
1653,9791191306125,4
1654,9791191306125,3
1655,9791191306125,1
1656,9791191306125,4
1657,9791191306125,3
1658,9791191306125,1
1659,9791191306125,1
1660,9791191306125,0
1661,9791191306125,4
1662,9791191306125,4
1663,9791191306125,1
1664,9791191306125,1
1665,9791191306125,3
1666,9791191306125,3
1667,9791191306125,4
1668,9791191306125,1
1669,9791191306125,0
1670,9791191306125,1
1671,9791191306125,3
1672,9791191306125,3
1673,9791191306125,0
1674,9791191306125,0
1675,9791191306125,2
1676,9791191306125,1
1677,9791191306125,2
1678,9791191306125,1
1679,9791191306125,0
1680,9791198626578,1
1681,9791198626578,3
1682,9791198626578,3
1683,9791198626578,4
1684,9791198626578,1
1685,9791198626578,2
1686,9791198626578,4
1687,9791198626578,4
1688,9791198626578,4
1689,9791198626578,2
1690,9791198626578,4
1691,9791198626578,1
1692,9791198626578,2
1693,9791198626578,1
1694,9791198626578,1
1695,9791198626578,3
1696,9791198626578,0
1697,9791198626578,4
1698,9791198626578,3
1699,9791198626578,2
1700,9791198626578,2
1701,9791198626578,1
1702,9791198626578,3
1703,9791198626578,4
1704,9791198626578,1
1705,9791198626578,3
1706,9791198626578,2
1707,9791198626578,4
1708,9791198626578,4
1709,9791198626578,2
1710,9791198626578,1
1711,9791198626578,4
1712,9791198626578,3
1713,9791198626578,4
1714,9791196008130,3
1715,9788998079840,4
1716,9788998079840,0
1717,9788960906884,3
1718,9788960906884,1
1719,9788960906884,4
1720,9788960906884,0
1721,9788960906884,3
1722,9791191262889,2
1723,9791191262889,2
1724,9791191262889,0
1725,9791196008161,1
1726,9791191262889,0
1727,9791191262889,0
1728,9791191262889,3
1729,9791191262889,1
1730,9791191262889,3
1731,9791191262889,0
1732,9791191262889,2
1733,9791191262889,0
1734,9791191262889,2
1735,9791191262889,4
1736,9791191262889,2
1737,9791192333014,3
1738,9791192333014,4
1739,9791192333014,0
1740,9791192333014,3
1741,9791192333014,2
1742,9791192333014,0
1743,9791192333014,0
1744,9791192333014,3
1745,9791193879870,0
1746,9791193879870,4
1747,9791193879870,2
1748,9791193879870,1
1749,9791193879870,1
1750,9791193879870,0
1751,9791193879870,4
1752,9791193879870,4
1753,9791193879870,0
1754,9791193879870,1
1755,9791193879870,3
1756,9791193879870,1
1757,9791193879870,1
1758,9791193879870,0
1759,9791193879870,1
1760,9791193879870,0
1761,9791193879870,1
1762,9791193879870,0
1763,9791193879870,1
1764,9791193879870,4
1765,9791193879870,3
1766,9791193879870,0
1767,9791193879870,2
1768,9791193879870,2
1769,9791193879870,0
1770,9791193879870,3
1771,9791193879870,2
1772,9791193879870,4
1773,9791193879870,1
1774,9791193879870,4
1775,9791193879870,1
1776,9791193879870,0
1777,9788988138793,0
1778,9788993632415,3
1779,9788993632415,3
1780,9788988138793,3
1781,9788993632415,3
1782,9788988138793,3
1783,9788990229243,2
1784,9788990229243,2
1785,9788997454440,3
1786,9791127273637,3
1787,9791127273637,3
1788,9791127273637,2
1789,9791127273637,2
1790,9791127273637,3
1791,9791127273637,3
1792,9791127273637,4
1793,9791127273637,1
1794,9791127273637,0
1795,9791127273637,2
1796,9791127273637,2
1797,9791127273637,0
1798,9791127273637,3
1799,9791127273637,3
1800,9791127273637,4
1801,9791127273637,1
1802,9791127273637,1
1803,9791127273637,3
1804,9791127273637,0
1805,9791127273637,3
1806,9791127273637,4
1807,9791127273637,4
1808,9791127273637,3
1809,9791127273637,0
1810,9791127273637,4
1811,9791127273637,4
1812,9791127273637,4
1813,9791127273637,3
1814,9791127273637,0
1815,9791127273637,4
1816,9791127273637,3
1817,9791127273637,0
1818,9791127273637,1
1819,9791127273637,3
1820,9791127273637,4
1821,9791127273637,3
1822,9791127273637,3
1823,9788970128177,3
1824,9788970128177,4
1825,9788970128177,4
1826,9788970128177,0
1827,9788970128177,4
1828,9788970128177,4
1829,9788970128177,4
1830,9788970128177,3
1831,9788970128177,1
1832,9788970128177,3
1833,9788970128177,3
1834,9788970128177,3
1835,9788970128177,4
1836,9788970128177,3
1837,9788970128177,2
1838,9788970128177,4
1839,9788970128177,1
1840,9788970128177,2
1841,9788970128177,3
1842,9788970128177,4
1843,9788970128177,0
1844,9788970128177,1
1845,9788970128177,0
1846,9788970128177,3
1847,9788970128177,0
1848,9788970128177,4
1849,9788970128177,0
1850,9788970128177,4
1851,9788970128177,1
1852,9788970128177,0
1853,9788970128177,4
1854,9788970128177,4
1855,9788970128177,3
1856,9788970128177,4
1857,9788970128177,0
1858,9788970128177,1
1859,9788997454440,4
1860,9788997454440,3
1861,9788997454440,1
1862,9788997454440,4
1863,9788997454440,2
1864,9788997454440,1
1865,9788997454440,4
1866,9788997454440,3
1867,9788997454440,0
1868,9788997454440,1
1869,9788997454440,2
1870,9788997454440,1
1871,9788997454440,1
1872,9788997454440,0
1873,9791197115974,4
1874,9788997454440,3
1875,9791198689016,0
1876,9788997454440,3
1877,9788993632415,1
1878,9788993632415,2
1879,9788964260586,2
1880,9788964260586,1
1881,9788993632415,0
1882,9791187433088,3
1883,9791141044930,0
1884,9791141044930,0
1885,9791141044930,2
1886,9791141044930,3
1887,9791141044930,2
1888,9791141044930,4
1889,9791141044930,2
1890,9791141044930,0
1891,9791141044930,2
1892,9791141044930,3
1893,9791141044930,1
1894,9791141044930,2
1895,9791141044930,1
1896,9791141044930,1
1897,9791141044930,0
1898,9791141044930,0
1899,9791141044930,1
1900,9791141044930,1
1901,9791141044930,2
1902,9791141044930,0
1903,9788993632583,2
1904,9788993632415,2
1905,9788993632415,0
1906,9788993632583,3
1907,9788993632415,2
1908,9791190188166,0
1909,9791190188166,3
1910,9791190188166,0
1911,9791190188166,3
1912,9791190188166,4
1913,9791190188166,3
1914,9791190188166,2
1915,9791190188166,0
1916,9788967915193,3
1917,9788967916251,0
1918,9791167374462,4
1919,9788988138793,4
1920,9788960908123,3
1921,9788960908123,1
1922,9788960908123,3
1923,9791198689016,4
1924,9788960908123,2
1925,9788960908123,3
1926,9791167374462,0
1927,9788960908123,0
1928,9788960908123,3
1929,9788960908123,4
1930,9788960908123,1
1931,9788960908123,2
1932,9788960908123,2
1933,9788960908123,4
1934,9788960908123,0
1935,9788960908123,1
1936,9788993632583,2
1937,9791187433088,3
1938,9788993632415,4
1939,9788993632415,4
1940,9788993632415,3
1941,9788993632583,4
1942,9788993632415,4
1943,9788964260388,3
1944,9791197115974,2
1945,9791197115974,4
1946,9788960907003,4
1947,9788960907003,3
1948,9788960907003,1
1949,9788960907003,1
1950,9788960907003,4
1951,9788960907003,0
1952,9788960907003,2
1953,9788960907003,0
1954,9788960907003,2
1955,9788960907003,2
1956,9788960907003,1
1957,9788960907003,3
1958,9791137258662,1
1959,9791137258662,2
1960,9791137258662,1
1961,9788993632415,0
1962,9791187433088,2
1963,9788998079840,3
1964,9788964260586,4
1965,9788993632583,1
1966,9788993632583,2
1967,9788964260586,2
1968,9788964260388,0
1969,9788964260388,1
1970,9788964260586,4
1971,9791187433088,3
1972,9791198689016,0
1973,9791196008130,2
1974,9791196008161,4
1975,9791198689030,4
1976,9788964260388,0
1977,9788993632583,4
1978,9788964260388,1
1979,9791187433088,4
1980,9788993632415,3
1981,9788993632415,3
1982,9788993632415,4
1983,9788964260586,3
1984,9788988138793,0
1985,9788988138793,1
1986,9788993632583,4
1987,9788988138793,1
1988,9788964260388,4
1989,9788964260586,0
1990,9788988138793,1
1991,9788993632415,1
1992,9788993632415,0
1993,9788993632415,3
1994,9791166030109,4
1995,9791166030109,0
1996,9791166030109,3
1997,9791166030109,1
1998,9791166030109,4
1999,9791166030109,4
2000,9791166030109,0
2001,9791166030109,1
2002,9791166030109,0
2003,9791166030109,0
2004,9791166030109,3
2005,9791166030109,4
2006,9791166030109,4
2007,9791166030109,4
2008,9791166030109,2
2009,9791166030109,3
2010,9791166030109,4
2011,9791166030109,1
2012,9791166030109,2
2013,9791166030109,1
2014,9791166030109,3
2015,9791166030109,4
2016,9791166030109,1
2017,9791166030109,2
2018,9791166030109,3
2019,9791166030109,4
2020,9791166030109,0
2021,9791166030109,3
2022,9791166030109,1
2023,9791166030109,1
2024,9788964260432,0
2025,9788964260388,2
2026,9788964260432,0
2027,9788964260432,2
2028,9788964260432,1
2029,9788993632583,3
2030,9788964260432,2
2031,9788964260432,4
2032,9788988138793,0
2033,9788964260432,0
2034,9788993632415,3
2035,9788964260432,1
2036,9788964260432,2
2037,9788964260432,4
2038,9788964260432,2
2039,9788964260388,3
2040,9788988138793,0
2041,9788964260432,4
2042,9788964260432,0
2043,9788964260432,2
2044,9788988138793,1
2045,9788988138793,4
2046,9788964260432,0
2047,9788964260432,3
2048,9788964260432,2
2049,9788964260432,0
2050,9788964260432,0
2051,9788964260432,3
2052,9788993632583,4
2053,9788964260432,2
2054,9788964260432,1
2055,9788964260432,0
2056,9788993632415,3
2057,9788964260432,0
2058,9788964260432,2
2059,9788988138793,2
2060,9788964260432,4
2061,9788988138793,2
2062,9788964260388,0
2063,9788988138793,4
2064,9788988138793,0
2065,9788964260432,3
2066,9788993632415,1
2067,9788964260586,0
2068,9788964260586,3
2069,9788964260586,2
2070,9788964260432,4
2071,9791187433088,2
2072,9788988138793,2
2073,9788964260432,2
2074,9791197115974,2
2075,9788964260586,2
2076,9788964260586,4
2077,9788993632415,2
2078,9788993632415,0
2079,9788993632415,0
2080,9788964260586,1
2081,9791192333014,3
2082,9791192333014,1
2083,9791192333014,4
2084,9791192333014,2
2085,9791189128197,1
2086,9788967915452,2
2087,9788967915223,1
2088,9791137258662,3
2089,9791137258662,2
2090,9791192638058,1
2091,9788998079840,2
2092,9788988138793,0
2093,9791167374462,2
2094,9791196008130,4
2095,9791189128197,2
2096,9791198689016,2
2097,9791189784287,4
2098,9791187856528,2
2099,9791187856528,3
2100,9791187856528,3
2101,9791187856528,3
2102,9791187856528,0
2103,9791187856528,3
2104,9791187856528,3
2105,9791187856528,4
2106,9791187856528,2
2107,9791187856528,4
2108,9791187856528,2
2109,9791187856528,1
2110,9791187856528,4
2111,9791187856528,2
2112,9791187856528,0
2113,9791187856528,1
2114,9791187856528,2
2115,9791187856528,1
2116,9791187856528,2
2117,9791187856528,1
2118,9788998079840,1
2119,9791137258662,2
2120,9791137258662,1
2121,9788960903432,4
2122,9788960903432,1
2123,9788950988500,1
2124,9788950988500,1
2125,9788954644273,4
2126,9788950988500,1
2127,9788954644273,3
2128,9788950988500,4
2129,9788950988500,0
2130,9788954644273,4
2131,9788954644273,1
2132,9788954644273,3
2133,9788954644273,3
2134,9788950988500,4
2135,9788954644273,1
2136,9788950988500,1
2137,9788954644273,3
2138,9788950988500,4
2139,9788954644273,3
2140,9788954644273,2
2141,9788950988500,2
2142,9788954644273,1
2143,9788954644273,2
2144,9788954644273,1
2145,9788954644273,3
2146,9788954644273,2
2147,9788950988500,1
2148,9788954644273,3
2149,9788954644273,1
2150,9788950988500,3
2151,9788950988500,4
2152,9788954644273,1
2153,9788950988500,4
2154,9788954644273,4
2155,9788950988500,3
2156,9788950988500,1
2157,9788954644273,4
2158,9788954644273,4
2159,9788950988500,1
2160,9788950988500,2
2161,9788950988500,4
2162,9788954644273,4
2163,9788954644273,1
2164,9788950988500,4
2165,9788954644273,4
2166,9788950988500,3
2167,9788981332839,4
2168,9788981332839,1
2169,9788981332839,1
2170,9788981332839,1
2171,9788981332839,0
2172,9788981332839,0
2173,9788981332839,3
2174,9788981332839,3
2175,9788981332839,4
2176,9788981332839,3
2177,9788981332839,1
2178,9788981332839,3
2179,9788981332839,0
2180,9788981332839,2
2181,9788981332839,0
2182,9788981332839,2
2183,9788981332839,3
2184,9788981332839,3
2185,9788981332839,3
2186,9788981332839,2
2187,9788981332839,0
2188,9788981332839,1
2189,9788981332839,3
2190,9788981332839,4
2191,9788981332839,3
2192,9788981332839,4
2193,9788981332839,4
2194,9788981332839,4
2195,9788950988500,3
2196,9788950988500,0
2197,9788950988500,1
2198,9788950988500,1
2199,9788954644273,2
2200,9788954644273,2
2201,9788954644273,3
2202,9788950988500,3
2203,9788954644273,1
2204,9788954644273,1
2205,9788950988500,4
2206,9788954644273,4
2207,9788950988500,4
2208,9788950988500,3
2209,9788950988500,4
2210,9788954644273,0
2211,9788950988500,1
2212,9788954644273,0
2213,9788954644273,0
2214,9788954644273,3
2215,9788954644273,4
2216,9788950988500,4
2217,9788950988500,0
2218,9788950988500,0
2219,9788950988500,0
2220,9788950988500,4
2221,9788950988500,0
2222,9788954644273,3
2223,9788950988500,1
2224,9788954644273,4
2225,9788950988500,2
2226,9788950988500,1
2227,9788981332839,0
2228,9788981332839,4
2229,9788981332839,2
2230,9788981332839,3
2231,9788981332839,4
2232,9788981332839,2
2233,9791196008161,0
2234,9791196008161,2
2235,9791189128197,0
2236,9791192333014,0
2237,9791192333014,3
2238,9791192333014,2
2239,9791192333014,3
2240,9791189128197,2
2241,9788988138793,4
2242,9788988138793,0
2243,9788988138793,0
2244,9788964260586,2
2245,9788964260586,1
2246,9788964260586,1
2247,9788988138793,3
2248,9788988138793,2
2249,9788964260586,0
2250,9788993632590,3
2251,9788993632590,0
2252,9788964260586,3
2253,9788993632590,0
2254,9788993632590,2
2255,9788993632590,3
2256,9788993632590,4
2257,9788993632590,1
2258,9788993632590,2
2259,9788993632590,4
2260,9788993632590,3
2261,9788993632590,2
2262,9788993632590,4
2263,9788993632590,2
2264,9788993632590,2
2265,9788993632590,0
2266,9788993632590,4
2267,9788993632590,3
2268,9788964260586,0
2269,9788993632590,1
2270,9788993632590,3
2271,9788993632590,1
2272,9788993632590,4
2273,9788993632590,0
2274,9788993632590,4
2275,9788993632590,3
2276,9788993632415,2
2277,9788993632590,0
2278,9788993632590,2
2279,9788993632590,1
2280,9791187433088,3
2281,9788993632590,3
2282,9788993632590,3
2283,9788993632590,3
2284,9788993632590,4
2285,9788993632590,3
2286,9788993632590,3
2287,9788993632590,3
2288,9788964260388,2
2289,9788993632590,1
2290,9788993632590,0
2291,9788993632590,3
2292,9788988138793,1
2293,9788988138793,3
2294,9788988138793,0
2295,9788967915216,3
2296,9791167374462,0
2297,9788998143893,1
2298,9788967915148,4
2299,9788967915766,3
2300,9788967915445,4
2301,9791167374462,1
2302,9791196008161,3
2303,9788998143893,4
2304,9791196008130,2
2305,9788967915155,3
2306,9791196008130,0
2307,9788960905481,4
2308,9788960905481,3
2309,9788960905481,3
2310,9788960905481,1
2311,9788960905481,1
2312,9788960905481,1
2313,9788960905481,3
2314,9788960905481,3
2315,9788960905481,3
2316,9788960905481,0
2317,9788960905481,0
2318,9788960905481,4
2319,9788960905481,2
2320,9788960905481,3
2321,9788960905481,0
2322,9788960905481,3
2323,9788960905481,0
2324,9788960905481,4
2325,9791165699208,0
2326,9791163472469,2
2327,9791165699208,1
2328,9791165699208,3
2329,9791165699208,4
2330,9791163472896,4
2331,9791163472896,0
2332,9791163472469,2
2333,9791163472896,0
2334,9791163472896,4
2335,9791165699208,4
2336,9791165699208,4
2337,9791163472469,3
2338,9791163472896,1
2339,9791163472469,2
2340,9791163472469,1
2341,9791163472896,0
2342,9791165699208,4
2343,9791165699208,4
2344,9791165699208,4
2345,9791165699208,1
2346,9791165699208,2
2347,9791163472896,1
2348,9791163472896,4
2349,9791163472896,1
2350,9791163472896,2
2351,9791163472469,2
2352,9791163472896,3
2353,9791165699208,0
2354,9791163472469,4
2355,9791163472896,2
2356,9791163472469,4
2357,9791163472896,4
2358,9791165699208,0
2359,9791165699208,3
2360,9791165699208,4
2361,9791163472469,4
2362,9791163472896,3
2363,9791163472896,2
2364,9791163472896,4
2365,9791163472469,3
2366,9791165699208,1
2367,9791165699208,0
2368,9791165699208,4
2369,9791163472469,0
2370,9791165699208,1
2371,9791165699208,1
2372,9791163472896,3
2373,9791163472469,3
2374,9791163472896,1
2375,9791163472469,2
2376,9791163472896,0
2377,9791163472896,1
2378,9791165699208,1
2379,9791163472896,2
2380,9791163472469,3
2381,9791163472896,3
2382,9791163472896,1
2383,9791163472896,0
2384,9791163472896,0
2385,9791163472896,2
2386,9791163472896,4
2387,9791163472896,1
2388,9791165699208,2
2389,9791165699208,2
2390,9791189784287,0
2391,9791189784287,0
2392,9788997454440,3
2393,9788997454440,3
2394,9791189128197,1
2395,9791196008161,0
2396,9788998079840,1
2397,9791167374462,1
2398,9788964260586,3
2399,9788964260586,1
2400,9788993632583,1
2401,9788993632583,2
2402,9788964260388,3
2403,9788964260388,2
2404,9788964260586,2
2405,9788993632415,4
2406,9788993632415,2
2407,9788988138793,1
2408,9788993632415,2
2409,9791187433088,0
2410,9788993632538,3
2411,9788993632538,2
2412,9788993632538,0
2413,9788993632538,2
2414,9788993632538,2
2415,9788993632583,0
2416,9788993632538,4
2417,9788993632538,3
2418,9791187433088,3
2419,9788993632538,4
2420,9788993632538,2
2421,9788993632538,1
2422,9788993632583,3
2423,9788993632538,4
2424,9788993632538,0
2425,9788993632538,1
2426,9788993632538,2
2427,9788993632538,4
2428,9788993632538,2
2429,9788993632538,3
2430,9788964260388,1
2431,9788993632538,1
2432,9788993632538,2
2433,9788993632538,4
2434,9788993632538,3
2435,9788993632538,2
2436,9788993632538,2
2437,9788993632538,1
2438,9788993632538,3
2439,9788993632538,4
2440,9788993632538,1
2441,9788993632538,0
2442,9788993632538,2
2443,9788993632538,1
2444,9788993632538,3
2445,9788993632538,1
2446,9788993632538,1
2447,9788988138793,4
2448,9788964260432,1
2449,9788993632538,2
2450,9788993632538,4
2451,9788993632538,1
2452,9788993632538,4
2453,9788993632538,4
2454,9788993632538,3
2455,9788993632538,1
2456,9788993632538,1
2457,9788993632538,4
2458,9788993632538,2
2459,9788993632538,0
2460,9788988138793,2
2461,9788993632538,2
2462,9788993632538,1
2463,9788993632538,3
2464,9788993632538,0
2465,9788993632538,1
2466,9788993632538,1
2467,9788993632538,3
2468,9788993632538,4
2469,9788993632538,0
2470,9791192638072,2
2471,9791192638072,0
2472,9791192638072,0
2473,9791192638072,0
2474,9791192638072,3
2475,9791167374462,0
2476,9791192638072,1
2477,9791192638072,1
2478,9791192638072,4
2479,9791192638072,1
2480,9791192638072,3
2481,9791192638072,2
2482,9791192638072,3
2483,9791192638072,1
2484,9791167374462,2
2485,9791168611092,0
2486,9791168611092,2
2487,9791168611092,4
2488,9791168611092,0
2489,9791168611092,4
2490,9791168611092,2
2491,9791168611092,4
2492,9791168611092,0
2493,9791168611092,3
2494,9791168611092,3
2495,9791168611092,2
2496,9791168611092,4
2497,9791168611092,1
2498,9791168611092,4
2499,9791168611092,4
2500,9791168611092,1
2501,9791168611092,4
2502,9791196008161,2
2503,9788967915438,2
2504,9788967915759,0
2505,9791167374462,3
2506,9791196008161,1
2507,9788954440189,2
2508,9788988138793,4
2509,9788988138793,1
2510,9788993632583,3
2511,9788993632583,3
2512,9788967915742,0
2513,9788967915698,4
2514,9788967915230,2
2515,9788932038360,0
2516,9788932038377,1
2517,9788932038360,2
2518,9788932038360,4
2519,9788932038377,1
2520,9788932038377,1
2521,9788932038360,4
2522,9788932038360,4
2523,9788932038360,1
2524,9788932038360,2
2525,9788932038377,2
2526,9788932038377,2
2527,9788932038377,3
2528,9788932038360,4
2529,9788932038377,0
2530,9788932038377,2
2531,9788932038360,1
2532,9788932038377,1
2533,9788932038360,4
2534,9788932038377,3
2535,9788932038377,4
2536,9788932038360,1
2537,9788932038360,2
2538,9788932038377,1
2539,9788932038377,2
2540,9788932038360,1
2541,9788932038360,3
2542,9788932038360,4
2543,9788932038377,1
2544,9788932038377,2
2545,9788932038360,4
2546,9788932038360,3
2547,9788932038360,1
2548,9788932038360,0
2549,9788932038360,4
2550,9788932038360,3
2551,9788932038377,1
2552,9788932038377,4
2553,9788932038377,4
2554,9788932038377,1
2555,9788932038360,2
2556,9788932038377,3
2557,9788932038360,4
2558,9788932038360,2
2559,9788932038360,1
2560,9788932038377,2
2561,9788932038377,4
2562,9788932038377,4
2563,9788932038360,1
2564,9788932038377,4
2565,9788932038377,4
2566,9788932038360,4
2567,9788932038360,2
2568,9788932038377,4
2569,9788932038360,3
2570,9788932038377,4
2571,9788932038360,2
2572,9788932038377,0
2573,9788932038360,1
2574,9788932038360,4
2575,9788932038360,1
2576,9788932038377,1
2577,9788932038360,3
2578,9788932038360,4
2579,9788932038360,1
2580,9788932038377,1
2581,9788932038360,4
2582,9788932038377,4
2583,9788932038377,0
2584,9788932038360,3
2585,9788932038360,4
2586,9788932038360,2
2587,9788932038360,1
2588,9788932038377,1
2589,9788932038377,1
2590,9788932038360,4
2591,9788932038377,3
2592,9788932038360,3
2593,9788932038377,3
2594,9788932038360,3
2595,9788932038360,3
2596,9788932038377,3
2597,9788932038360,2
2598,9788932038360,4
2599,9788932038360,0
2600,9788932038360,3
2601,9788932038377,2
2602,9788932038377,2
2603,9788932038377,1
2604,9788932038360,2
2605,9788932038377,1
2606,9788932038377,2
2607,9788932038360,1
2608,9788932038377,4
2609,9788932038360,3
2610,9788932038377,4
2611,9788932038377,1
2612,9788932038360,4
2613,9788932038360,4
2614,9788932038377,0
2615,9788932038360,1
2616,9788932038360,0
2617,9788932038377,2
2618,9788932038360,1
2619,9788932038360,3
2620,9788932038360,3
2621,9788932038377,4
2622,9788932038360,1
2623,9788932038360,4
2624,9788932038377,3
2625,9788932038377,2
2626,9788932038360,1
2627,9788932038377,1
2628,9788932038360,0
2629,9788932038360,0
2630,9788932038360,4
2631,9788932038377,3
2632,9788932038377,2
2633,9788932038377,2
2634,9788932038377,4
2635,9788932038377,1
