group,signal,n_peaks,mean,shapiro_p,wilcoxon_W,wilcoxon_p_adj,t,t_p_adj,null_mean,null_z,null_p
pooled,coherence,3620,-0.13548453121797338,1.4601654954152417e-10,2715729.0,4.451990983153389e-19,-8.805567225008037,1.9815119248995988e-18,0.03355818132732177,-10.680041425878972,0.000999000999000999
pooled,semantic_shift,3620,0.28400249880436784,1.2989224431924492e-09,2235229.0,1.2315230207351012e-61,17.982016967520064,2.5750425236811833e-69,0.06660717188517358,13.96995532677958,0.000999000999000999
A0,coherence,690,-0.18584469116906394,0.0006447914349445986,92149.0,2.4169443750800067e-06,-5.158427184086601,3.2594867758904915e-06,0.007863892309006314,-5.302338227950524,0.000999000999000999
A0,semantic_shift,690,0.20591583842972053,0.16085100795766283,88234.0,3.390745155627115e-08,6.073429924340028,2.069536776556072e-08,-0.06352037351083478,7.905104587431005,0.000999000999000999
A1,coherence,647,-0.12048081666163564,0.0008645481355201491,88952.0,0.008531541384043047,-3.271720056527056,0.011258517984345415,0.03701498085778544,-4.0653318953238315,0.000999000999000999
A1,semantic_shift,647,0.32659537554004375,0.00011818294028456782,68858.0,4.04113327972367e-13,8.313539074981877,5.491727248337074e-15,0.11812662240156684,5.425633232833468,0.000999000999000999
A2,coherence,686,-0.16200104708175356,0.013702161545863054,92570.0,1.1564838851657997e-05,-4.9159157455696745,1.1070111947177855e-05,0.036646437660353505,-5.60823023878757,0.000999000999000999
A2,semantic_shift,686,0.21522051837697884,0.014793642506868982,89247.0,3.735474549847901e-07,6.15419306341698,1.2840754958804455e-08,0.03443392921299916,5.17183254940786,0.000999000999000999
A3,coherence,711,-0.16076869891989626,0.002084083093956782,101139.0,3.4897056438737244e-05,-4.634534053618205,4.256854753747877e-05,0.019979026536195984,-4.829100197844991,0.000999000999000999
A3,semantic_shift,711,0.31407674079614734,0.0016428383606698859,84646.0,2.008327188318731e-13,8.367161066565979,3.1255347448175247e-15,0.060871088291174165,6.950835948183125,0.000999000999000999
A4,coherence,886,-0.06640046782415578,0.0021140690879136136,179477.0,0.25730213213643827,-2.0883181135348674,0.3705447076665568,0.0595499932217443,-3.862295587549114,0.000999000999000999
A4,semantic_shift,886,0.3428330370973228,0.0009658597300291698,120246.0,1.4658499891927505e-22,10.883636491923559,5.605198691120357e-25,0.15983981494113808,5.826071227983948,0.000999000999000999
