setting,labels,L,sigma,Z,window,stable_region_start,n_peaks,coherence_pooled,coherence_pooled_p,shift_pooled,shift_pooled_p,n_archetypes_coherence_sig,archetypes_coherence_not_sig,n_archetypes_shift_sig,KW_p_TTR_C,KW_p_Slope_C,KW_p_TTR_M,KW_p_Slope_M,min_curve_correlation,stories_remaining_pct
Main settings,original,50,2.0,1.0,10,2,3620,-0.13548453121797338,4.451990983153389e-19,0.28400249880436784,1.2315230207351012e-61,4,A4,5,0.016892584233036488,0.1272365505370176,0.031586005683474146,0.010904503848350051,,
sigma = 1.0,original,50,1.0,1.0,10,1,6605,-0.15984684722028927,5.362657170238014e-50,0.3126219950938923,1.8046521672855256e-132,5,-,5,0.01006325618939819,0.22179932718347753,0.14439723001861365,0.1522527970410512,,
sigma = 1.0,re-derived,50,1.0,1.0,10,1,6605,-0.15984684722028927,5.362657170238014e-50,0.3126219950938923,1.8046521672855256e-132,5,-,5,0.013698811438303017,0.5207692008601328,0.06750635183590531,0.5281928255751074,0.934903138778527,84.18057663125948
sigma = 1.5,original,50,1.5,1.0,10,1,4541,-0.13483109898627268,6.923886796646139e-25,0.30682250141240536,3.4032888104594773e-95,5,-,5,0.006779031965075876,0.9035023725789268,0.02534567335254988,0.06574413525641618,,
sigma = 1.5,re-derived,50,1.5,1.0,10,1,4541,-0.13483109898627268,6.923886796646139e-25,0.30682250141240536,3.4032888104594773e-95,5,-,5,0.014297534587676696,0.811311465851063,0.1343504537831082,0.06199926641602762,0.9774261886533729,88.42943854324734
L = 60,original,60,2.4,1.0,12,2,3624,-0.12847458150876928,1.937109346948834e-17,0.2718027597072773,3.678813223325922e-56,4,A4,5,0.45348707242738995,0.9467274862378319,0.0016738845132432518,0.446769631961883,,
L = 60,re-derived,60,2.4,1.0,12,2,3624,-0.12847458150876928,1.937109346948834e-17,0.2718027597072773,3.678813223325922e-56,4,A1,5,0.3319453518012113,0.6594323745398527,0.002655142372503763,0.15697776306098413,0.9730128807331165,78.52807283763278
L = 70,original,70,2.8,1.0,14,2,3627,-0.13818964375276538,1.611498687027874e-20,0.2849203806640471,4.740736957962686e-62,4,A4,5,0.008884985606635554,0.41933461078394807,0.01742822783194506,0.4269842214432288,,
L = 70,re-derived,70,2.8,1.0,14,2,3627,-0.13818964375276538,1.611498687027874e-20,0.2849203806640471,4.740736957962686e-62,5,-,5,0.0029018889100747704,0.877720502711488,0.006626313071609955,0.38769508445797907,0.9737810432668315,78.18664643399089
Z = 0.5,original,50,2.0,0.5,10,2,5602,-0.08330693806939382,3.283361153175785e-12,0.21192421074728923,3.1270520608349392e-52,3,"A1, A4",5,0.16892597915849347,0.36458007041992274,0.08118990299953464,0.04761163272707633,,
Z = 1.5,original,50,2.0,1.5,10,2,1948,-0.1920751751529069,2.058806963716393e-19,0.36418800600085466,8.981779623329497e-53,4,A4,5,0.010954223842264622,0.10669030358556576,0.0073333454681572706,0.026229451075045086,,
Encoder: KR-SBERT,original,50,2.0,1.0,10,2,3620,-0.1780657739572841,9.973549193990647e-33,0.3245218766429793,7.270438031231842e-80,5,-,5,0.4620491680788733,0.33359760549553874,0.43059918992815027,0.11463875252971432,,
Discourse measure: lexical overlap,original,50,2.0,1.0,10,2,3620,-0.21408448104048833,2.4087463609515258e-48,0.43863132767339463,8.30034939692861e-142,5,-,5,0.015611263499651059,0.13035550866723122,0.001323101196741983,0.09403062918799608,,
Language model: Qwen2.5-7B,original,50,2.0,1.0,10,2,3677,-0.12036141523649803,3.0874175280945203e-16,0.30399085665046915,1.0197367846424634e-71,4,A1,5,0.537459311219331,0.8018995321883047,0.4195348664518075,0.3868689906743463,,
Language model: Qwen2.5-7B,re-derived,50,2.0,1.0,10,2,3677,-0.12036141523649803,3.0874175280945203e-16,0.30399085665046915,1.0197367846424634e-71,4,A1,5,0.33751005980459264,0.5427229291894136,0.0501930607628557,0.4149791117666042,0.8514672214919349,48.59635811836115
